{
  "_default": {
    "matrix": [
      [
        -0.01526301444535146,
        -0.35868083946579243,
        1496.8220223494097
      ],
      [
        0.32345325701826083,
        -0.023848460070864226,
        111.54401744344565
      ]
    ],
    "samples": [
      {
        "ow": [
          1514.0,
          975.0
        ],
        "fa11y": [
          1124.0,
          578.0
        ]
      },
      {
        "ow": [
          1492.0,
          1054.0
        ],
        "fa11y": [
          1096.0,
          569.0
        ]
      },
      {
        "ow": [
          1282.0,
          1141.0
        ],
        "fa11y": [
          1068.0,
          499.0
        ]
      }
    ],
    "calibrated_at": "2026-04-27T17:49:39.172549Z"
  }
}